"tag:blogger.com,1999:blog-2177063267337810492.post-2394954627809791360","http://www.avilpage.com/posts/blogger.com,1999:blog-2177063267337810492.post-2394954627809791360.html"
http://www.avilpage.com/2016/02/automate-boring-stuff-accepting.html,http://www.avilpage.com/posts/2016/02/automate-boring-stuff-accepting.html
http://www.avilpage.com/2014/05/the-mexican-fisherman-and-investment.html,http://www.avilpage.com/posts/2014/05/the-mexican-fisherman-and-investment.html
"tag:blogger.com,1999:blog-2177063267337810492.post-2930580566643701328","http://www.avilpage.com/posts/blogger.com,1999:blog-2177063267337810492.post-2930580566643701328.html"
http://www.avilpage.com/2014/11/zen-story-buddha.html,http://www.avilpage.com/posts/2014/11/zen-story-buddha.html
http://www.avilpage.com/2016/04/emacs-browsing-projects-with-etags.html,http://www.avilpage.com/posts/2016/04/emacs-browsing-projects-with-etags.html
http://www.avilpage.com/2015/04/zen-story-man-and-his-horse.html,http://www.avilpage.com/posts/2015/04/zen-story-man-and-his-horse.html
"tag:blogger.com,1999:blog-2177063267337810492.post-1174269875127086740","http://www.avilpage.com/posts/blogger.com,1999:blog-2177063267337810492.post-1174269875127086740.html"
"tag:blogger.com,1999:blog-2177063267337810492.post-2593170230371481068","http://www.avilpage.com/posts/blogger.com,1999:blog-2177063267337810492.post-2593170230371481068.html"
http://www.avilpage.com/2014/01/avil-page-21-living-for-everyone-else.html,http://www.avilpage.com/posts/2014/01/avil-page-21-living-for-everyone-else.html
http://www.avilpage.com/2014/05/the-most-difficult-work-many.html,http://www.avilpage.com/posts/2014/05/the-most-difficult-work-many.html
http://www.avilpage.com/2014/12/compare-hatke-essential-companion-for.html,http://www.avilpage.com/posts/2014/12/compare-hatke-essential-companion-for.html
http://www.avilpage.com/2014/01/avil-page-frequently-asked-questions.html,http://www.avilpage.com/posts/2014/01/avil-page-frequently-asked-questions.html
http://www.avilpage.com/2014/11/python-converting-string-type-objects.html,http://www.avilpage.com/posts/2014/11/python-converting-string-type-objects.html
http://www.avilpage.com/2014/04/access-clipboard-from-terminal-in.html,http://www.avilpage.com/posts/2014/04/access-clipboard-from-terminal-in.html
http://www.avilpage.com/2014/10/zen-story-hot-and-cold.html,http://www.avilpage.com/posts/2014/10/zen-story-hot-and-cold.html
http://www.avilpage.com/2015/07/random-life-quotes-2.html,http://www.avilpage.com/posts/2015/07/random-life-quotes-2.html
http://www.avilpage.com/2013/12/how-to-marry-woman-of-your-dreams.html,http://www.avilpage.com/posts/2013/12/how-to-marry-woman-of-your-dreams.html
http://www.avilpage.com/2014/01/avil-page-13-8-rules-of-fight-club.html,http://www.avilpage.com/posts/2014/01/avil-page-13-8-rules-of-fight-club.html
http://www.avilpage.com/2014/01/little-alchemy-cheats-walkthrough-450-elements.html,http://www.avilpage.com/posts/2014/01/little-alchemy-cheats-walkthrough-450-elements.html
"tag:blogger.com,1999:blog-2177063267337810492.post-1055752445931512817","http://www.avilpage.com/posts/blogger.com,1999:blog-2177063267337810492.post-1055752445931512817.html"
http://www.avilpage.com/2014/11/scaling-celery-sending-tasks-to-remote.html,http://www.avilpage.com/posts/2014/11/scaling-celery-sending-tasks-to-remote.html
http://www.avilpage.com/2015/01/zen-story-blockhead-lord.html,http://www.avilpage.com/posts/2015/01/zen-story-blockhead-lord.html
http://www.avilpage.com/2014/11/zen-story-wishing-tree.html,http://www.avilpage.com/posts/2014/11/zen-story-wishing-tree.html
http://www.avilpage.com/2014/05/the-mysterious-wall-best-zen-story-by-osho.html,http://www.avilpage.com/posts/2014/05/the-mysterious-wall-best-zen-story-by-osho.html
http://www.avilpage.com/2016/01/let-it-be-zen-story-by-buddha.html,http://www.avilpage.com/posts/2016/01/let-it-be-zen-story-by-buddha.html
"tag:blogger.com,1999:blog-2177063267337810492.post-1543357199139838800","http://www.avilpage.com/posts/blogger.com,1999:blog-2177063267337810492.post-1543357199139838800.html"
"tag:blogger.com,1999:blog-2177063267337810492.post-368404517639211612","http://www.avilpage.com/posts/blogger.com,1999:blog-2177063267337810492.post-368404517639211612.html"
http://www.avilpage.com/2014/12/zen-story-teaching-ultimate.html,http://www.avilpage.com/posts/2014/12/zen-story-teaching-ultimate.html
http://www.avilpage.com/2014/10/a-better-way-to-take-screenshots-of.html,http://www.avilpage.com/posts/2014/10/a-better-way-to-take-screenshots-of.html
http://www.avilpage.com/2014/12/zen-story-teaching-zen.html,http://www.avilpage.com/posts/2014/12/zen-story-teaching-zen.html
http://www.avilpage.com/2015/12/dropbox-as-wormhole-between-ubuntu.html,http://www.avilpage.com/posts/2015/12/dropbox-as-wormhole-between-ubuntu.html
http://www.avilpage.com/2014/04/how-to-use-python-beautiful-soup-to.html,http://www.avilpage.com/posts/2014/04/how-to-use-python-beautiful-soup-to.html
http://www.avilpage.com/2014/06/printing-face-masks-of-strangers-from.html,http://www.avilpage.com/posts/2014/06/printing-face-masks-of-strangers-from.html
http://www.avilpage.com/2014/03/my-tribute-to-relecura.html,http://www.avilpage.com/posts/2014/03/my-tribute-to-relecura.html
http://www.avilpage.com/2014/02/how-to-find-all-subsidiaries-of-company.html,http://www.avilpage.com/posts/2014/02/how-to-find-all-subsidiaries-of-company.html
http://www.avilpage.com/2014/11/mess-zohan-area-code-amman-transcript.html,http://www.avilpage.com/posts/2014/11/mess-zohan-area-code-amman-transcript.html
http://www.avilpage.com/2014/04/my-favorite-stories-essays-of-chalam.html,http://www.avilpage.com/posts/2014/04/my-favorite-stories-essays-of-chalam.html
http://www.avilpage.com/2014/01/list-of-bangalore-start-up-companies.html,http://www.avilpage.com/posts/2014/01/list-of-bangalore-start-up-companies.html
"tag:blogger.com,1999:blog-2177063267337810492.post-8576382795142018798","http://www.avilpage.com/posts/blogger.com,1999:blog-2177063267337810492.post-8576382795142018798.html"
http://www.avilpage.com/2014/01/avil-page-29-how-to-get-in-to-alexa-top-million.html,http://www.avilpage.com/posts/2014/01/avil-page-29-how-to-get-in-to-alexa-top-million.html
http://www.avilpage.com/2015/08/use-for-empty-in-django-templates.html,http://www.avilpage.com/posts/2015/08/use-for-empty-in-django-templates.html
http://www.avilpage.com/2014/02/Seetha-Thalli-story-by-Gudipati-Venkatachalam.html,http://www.avilpage.com/posts/2014/02/Seetha-Thalli-story-by-Gudipati-Venkatachalam.html
http://www.avilpage.com/2014/09/highlights-of-illumina-basespace-wwdc.html,http://www.avilpage.com/posts/2014/09/highlights-of-illumina-basespace-wwdc.html
"tag:blogger.com,1999:blog-2177063267337810492.post-445060522183731076","http://www.avilpage.com/posts/blogger.com,1999:blog-2177063267337810492.post-445060522183731076.html"
http://www.avilpage.com/2015/03/random-life-quotes-1.html,http://www.avilpage.com/posts/2015/03/random-life-quotes-1.html
http://www.avilpage.com/2014/12/generate-sphinx-friendly-docstrings-for.html,http://www.avilpage.com/posts/2014/12/generate-sphinx-friendly-docstrings-for.html
http://www.avilpage.com/2014/06/auto-fill-dynamicajax-web-page-scrape.html,http://www.avilpage.com/posts/2014/06/auto-fill-dynamicajax-web-page-scrape.html
http://www.avilpage.com/2014/01/avil-page-26-girl-ipad-steve-jobs.html,http://www.avilpage.com/posts/2014/01/avil-page-26-girl-ipad-steve-jobs.html
http://www.avilpage.com/2014/11/zen-story-obedience.html,http://www.avilpage.com/posts/2014/11/zen-story-obedience.html
http://www.avilpage.com/2014/03/4-delightful-short-zen-stories-about.html,http://www.avilpage.com/posts/2014/03/4-delightful-short-zen-stories-about.html
"tag:blogger.com,1999:blog-2177063267337810492.post-8925704470349687793","http://www.avilpage.com/posts/blogger.com,1999:blog-2177063267337810492.post-8925704470349687793.html"
http://www.avilpage.com/2014/08/remove-unused-imports-variables-from.html,http://www.avilpage.com/posts/2014/08/remove-unused-imports-variables-from.html
http://www.avilpage.com/2014/11/linux-splitting-required-portion-of.html,http://www.avilpage.com/posts/2014/11/linux-splitting-required-portion-of.html
"tag:blogger.com,1999:blog-2177063267337810492.post-7766302312654599081","http://www.avilpage.com/posts/blogger.com,1999:blog-2177063267337810492.post-7766302312654599081.html"
http://www.avilpage.com/2014/11/python-automagically-reload-imports-in.html,http://www.avilpage.com/posts/2014/11/python-automagically-reload-imports-in.html
"tag:blogger.com,1999:blog-2177063267337810492.post-1397008981356823684","http://www.avilpage.com/posts/blogger.com,1999:blog-2177063267337810492.post-1397008981356823684.html"
"tag:blogger.com,1999:blog-2177063267337810492.post-3127693056494624664","http://www.avilpage.com/posts/blogger.com,1999:blog-2177063267337810492.post-3127693056494624664.html"
http://www.avilpage.com/2015/01/zen-story-last-rap.html,http://www.avilpage.com/posts/2015/01/zen-story-last-rap.html
http://www.avilpage.com/2014/11/ted-how-to-save-world-or-at-least.html,http://www.avilpage.com/posts/2014/11/ted-how-to-save-world-or-at-least.html
http://www.avilpage.com/2015/09/set-emacs-as-default-file-manager-in.html,http://www.avilpage.com/posts/2015/09/set-emacs-as-default-file-manager-in.html
"tag:blogger.com,1999:blog-2177063267337810492.post-408989328295488396","http://www.avilpage.com/posts/blogger.com,1999:blog-2177063267337810492.post-408989328295488396.html"
http://www.avilpage.com/2014/01/avil-page-19-get-8-high-pr-dofollow.html,http://www.avilpage.com/posts/2014/01/avil-page-19-get-8-high-pr-dofollow.html
http://www.avilpage.com/2014/11/zen-story-laughing-buddha.html,http://www.avilpage.com/posts/2014/11/zen-story-laughing-buddha.html
http://www.avilpage.com/2014/12/zen-story-surprising-master.html,http://www.avilpage.com/posts/2014/12/zen-story-surprising-master.html
http://www.avilpage.com/2014/03/2048-game-tips-to-make-2048-tile-easily.html,http://www.avilpage.com/posts/2014/03/2048-game-tips-to-make-2048-tile-easily.html
http://www.avilpage.com/2014/12/zen-story-knowing.html,http://www.avilpage.com/posts/2014/12/zen-story-knowing.html
http://www.avilpage.com/2014/05/the-best-indian-confessions.html,http://www.avilpage.com/posts/2014/05/the-best-indian-confessions.html
http://www.avilpage.com/2014/01/must-read-telugu-proverbs.html,http://www.avilpage.com/posts/2014/01/must-read-telugu-proverbs.html
http://www.avilpage.com/2014/05/tweetary-find-most-used-words-by-any.html,http://www.avilpage.com/posts/2014/05/tweetary-find-most-used-words-by-any.html
http://www.avilpage.com/2014/12/7-easter-eggs-hiding-in-your-emacs.html,http://www.avilpage.com/posts/2014/12/7-easter-eggs-hiding-in-your-emacs.html
http://www.avilpage.com/2014/11/zen-story-religious-significance.html,http://www.avilpage.com/posts/2014/11/zen-story-religious-significance.html
http://www.avilpage.com/2014/01/list-of-tollywood-movies-copied-from-hollywood.html,http://www.avilpage.com/posts/2014/01/list-of-tollywood-movies-copied-from-hollywood.html
http://www.avilpage.com/2014/10/how-to-install-adobe-digital-editions.html,http://www.avilpage.com/posts/2014/10/how-to-install-adobe-digital-editions.html
http://www.avilpage.com/2013/12/21-best-jokes-of-2013-to-share-with.html,http://www.avilpage.com/posts/2013/12/21-best-jokes-of-2013-to-share-with.html
"tag:blogger.com,1999:blog-2177063267337810492.post-8056368383015981290","http://www.avilpage.com/posts/blogger.com,1999:blog-2177063267337810492.post-8056368383015981290.html"
http://www.avilpage.com/2015/02/bangpypers-talks-emacs-as-python-ide.html,http://www.avilpage.com/posts/2015/02/bangpypers-talks-emacs-as-python-ide.html
http://www.avilpage.com/2015/09/python-functions-methods-attributes.html,http://www.avilpage.com/posts/2015/09/python-functions-methods-attributes.html
http://www.avilpage.com/2015/03/django-form-gotchas-dynamic-initial.html,http://www.avilpage.com/posts/2015/03/django-form-gotchas-dynamic-initial.html
http://www.avilpage.com/2015/03/install-oh-my-zsh-on-ubuntu.html,http://www.avilpage.com/posts/2015/03/install-oh-my-zsh-on-ubuntu.html
http://www.avilpage.com/2014/08/use-space-as-both-space-control-avoid.html,http://www.avilpage.com/posts/2014/08/use-space-as-both-space-control-avoid.html
http://www.avilpage.com/2014/01/chrome-web-app-pathuku-walkthrough-all-levels.html,http://www.avilpage.com/posts/2014/01/chrome-web-app-pathuku-walkthrough-all-levels.html
http://www.avilpage.com/2014/12/if-you-are-young-and-nervous.html,http://www.avilpage.com/posts/2014/12/if-you-are-young-and-nervous.html
http://www.avilpage.com/2014/05/face-reality-travel-in-time-now-with.html,http://www.avilpage.com/posts/2014/05/face-reality-travel-in-time-now-with.html
http://www.avilpage.com/2014/05/words-of-ratan-tata.html,http://www.avilpage.com/posts/2014/05/words-of-ratan-tata.html
"tag:blogger.com,1999:blog-2177063267337810492.post-1634703267860003387","http://www.avilpage.com/posts/blogger.com,1999:blog-2177063267337810492.post-1634703267860003387.html"
http://www.avilpage.com/2014/06/magnificent-meetup-for-bangalore-django.html,http://www.avilpage.com/posts/2014/06/magnificent-meetup-for-bangalore-django.html
"tag:blogger.com,1999:blog-2177063267337810492.post-5232549880967204027","http://www.avilpage.com/posts/blogger.com,1999:blog-2177063267337810492.post-5232549880967204027.html"
http://www.avilpage.com/2014/11/zen-story-zen-dialogue.html,http://www.avilpage.com/posts/2014/11/zen-story-zen-dialogue.html
http://www.avilpage.com/2014/02/best-way-to-restore-usb-drive-back-to.html,http://www.avilpage.com/posts/2014/02/best-way-to-restore-usb-drive-back-to.html
http://www.avilpage.com/p/list-of-avil-pages_8.html,http://www.avilpage.com/stories/p/list-of-avil-pages_8.html
"tag:blogger.com,1999:blog-2177063267337810492.post-7060949299299024767","http://www.avilpage.com/posts/blogger.com,1999:blog-2177063267337810492.post-7060949299299024767.html"
http://www.avilpage.com/2014/11/synapse-redefines-how-you-interact-with.html,http://www.avilpage.com/posts/2014/11/synapse-redefines-how-you-interact-with.html
http://www.avilpage.com/2014/11/yandamoori-dega-rekkala-chappudu-book-review.html,http://www.avilpage.com/posts/2014/11/yandamoori-dega-rekkala-chappudu-book-review.html
http://www.avilpage.com/2014/04/aanandam-essay-by-gudipati-venkatachalam.html,http://www.avilpage.com/posts/2014/04/aanandam-essay-by-gudipati-venkatachalam.html
http://www.avilpage.com/2015/03/zen-story-nothing-exists.html,http://www.avilpage.com/posts/2015/03/zen-story-nothing-exists.html
http://www.avilpage.com/2015/11/book-review-pyscho-path-by-haris.html,http://www.avilpage.com/posts/2015/11/book-review-pyscho-path-by-haris.html
http://www.avilpage.com/2014/06/a-weather-widget-on-your-terminal.html,http://www.avilpage.com/posts/2014/06/a-weather-widget-on-your-terminal.html
http://www.avilpage.com/2014/12/tech-search-play-download-youtube.html,http://www.avilpage.com/posts/2014/12/tech-search-play-download-youtube.html
http://www.avilpage.com/2014/01/chalam-i-know.html,http://www.avilpage.com/posts/2014/01/chalam-i-know.html
"tag:blogger.com,1999:blog-2177063267337810492.post-417581104336403422","http://www.avilpage.com/posts/blogger.com,1999:blog-2177063267337810492.post-417581104336403422.html"
"tag:blogger.com,1999:blog-2177063267337810492.post-1644608313691285641","http://www.avilpage.com/posts/blogger.com,1999:blog-2177063267337810492.post-1644608313691285641.html"
"tag:blogger.com,1999:blog-2177063267337810492.post-9078408462559044310","http://www.avilpage.com/posts/blogger.com,1999:blog-2177063267337810492.post-9078408462559044310.html"
http://www.avilpage.com/2014/10/useful-shell-aliases-for-python-and.html,http://www.avilpage.com/posts/2014/10/useful-shell-aliases-for-python-and.html
http://www.avilpage.com/2014/01/living-life-without-goals.html,http://www.avilpage.com/posts/2014/01/living-life-without-goals.html
http://www.avilpage.com/2014/01/12-best-quotes-from-inktalks.html,http://www.avilpage.com/posts/2014/01/12-best-quotes-from-inktalks.html
http://www.avilpage.com/p/about-avilpage.html,http://www.avilpage.com/stories/p/about-avilpage.html
http://www.avilpage.com/2015/04/zen-story-wanting-god.html,http://www.avilpage.com/posts/2015/04/zen-story-wanting-god.html
http://www.avilpage.com/2015/10/pycon-india-2015-first-pycon-experience.html,http://www.avilpage.com/posts/2015/10/pycon-india-2015-first-pycon-experience.html
http://www.avilpage.com/2014/12/importing-exporting-json-data-to-mongodb.html,http://www.avilpage.com/posts/2014/12/importing-exporting-json-data-to-mongodb.html
http://www.avilpage.com/2014/04/orey-venkatachalam-amazing-telugu-story-by-chalam.html,http://www.avilpage.com/posts/2014/04/orey-venkatachalam-amazing-telugu-story-by-chalam.html
http://www.avilpage.com/2015/04/zen-story-enlightenment-after-death.html,http://www.avilpage.com/posts/2015/04/zen-story-enlightenment-after-death.html
http://www.avilpage.com/2013/03/avil-page-unblock-me-all-solutions.html,http://www.avilpage.com/posts/2013/03/avil-page-unblock-me-all-solutions.html
http://www.avilpage.com/2014/08/amazing-things-to-do-with-python-in.html,http://www.avilpage.com/posts/2014/08/amazing-things-to-do-with-python-in.html
http://www.avilpage.com/2014/11/python-unix-timestamp-utc-and-their.html,http://www.avilpage.com/posts/2014/11/python-unix-timestamp-utc-and-their.html
http://www.avilpage.com/2014/01/avil-page-30-wipro-campus-placement.html,http://www.avilpage.com/posts/2014/01/avil-page-30-wipro-campus-placement.html
http://www.avilpage.com/2014/11/yandamoori-antharmukham-movie-novel.html,http://www.avilpage.com/posts/2014/11/yandamoori-antharmukham-movie-novel.html
"tag:blogger.com,1999:blog-2177063267337810492.post-9185807660615390522","http://www.avilpage.com/posts/blogger.com,1999:blog-2177063267337810492.post-9185807660615390522.html"
http://www.avilpage.com/2015/05/whats-so-good-about-django-traceback.html,http://www.avilpage.com/posts/2015/05/whats-so-good-about-django-traceback.html
http://www.avilpage.com/2014/08/paata-kacheri-story-by-gudipati.html,http://www.avilpage.com/posts/2014/08/paata-kacheri-story-by-gudipati.html
http://www.avilpage.com/2014/11/mirror-website-quickly.html,http://www.avilpage.com/posts/2014/11/mirror-website-quickly.html
http://www.avilpage.com/2014/11/git-updating-clonedforked-repository-on.html,http://www.avilpage.com/posts/2014/11/git-updating-clonedforked-repository-on.html
"tag:blogger.com,1999:blog-2177063267337810492.post-4619081153771468844","http://www.avilpage.com/posts/blogger.com,1999:blog-2177063267337810492.post-4619081153771468844.html"
http://www.avilpage.com/2015/04/zen-story-guteis-finger.html,http://www.avilpage.com/posts/2015/04/zen-story-guteis-finger.html
http://www.avilpage.com/2014/12/django-check-app-ready-production.html,http://www.avilpage.com/posts/2014/12/django-check-app-ready-production.html
http://www.avilpage.com/2016/06/auto-completion-for-custom-search.html,http://www.avilpage.com/posts/2016/06/auto-completion-for-custom-search.html
http://www.avilpage.com/2014/11/python-iterate-over-all-elements-in.html,http://www.avilpage.com/posts/2014/11/python-iterate-over-all-elements-in.html
http://www.avilpage.com/2014/11/zen-story-how-to-write-chinese-poem.html,http://www.avilpage.com/posts/2014/11/zen-story-how-to-write-chinese-poem.html
http://www.avilpage.com/2014/11/chrome-quickly-adds-superpowers-to-your.html,http://www.avilpage.com/posts/2014/11/chrome-quickly-adds-superpowers-to-your.html
http://www.avilpage.com/2013/11/avil-page-3-google-helpouts-india.html,http://www.avilpage.com/posts/2013/11/avil-page-3-google-helpouts-india.html
http://www.avilpage.com/2014/11/easily-manage-hundreds-of-chrome.html,http://www.avilpage.com/posts/2014/11/easily-manage-hundreds-of-chrome.html
http://www.avilpage.com/2014/01/ladies-pg-in-domlur-layout-banglore.html,http://www.avilpage.com/posts/2014/01/ladies-pg-in-domlur-layout-banglore.html
http://www.avilpage.com/2014/05/moto-e-vs-moto-g-specifications.html,http://www.avilpage.com/posts/2014/05/moto-e-vs-moto-g-specifications.html
http://www.avilpage.com/2015/03/how-to-make-better-use-of-any-emacs.html,http://www.avilpage.com/posts/2015/03/how-to-make-better-use-of-any-emacs.html
http://www.avilpage.com/2014/01/avil-page-28-love-marriage-vs-arranged.html,http://www.avilpage.com/posts/2014/01/avil-page-28-love-marriage-vs-arranged.html
http://www.avilpage.com/2014/11/zen-story-time-to-die.html,http://www.avilpage.com/posts/2014/11/zen-story-time-to-die.html
http://www.avilpage.com/2014/08/how-to-get-telugu-books-if-you-are-out.html,http://www.avilpage.com/posts/2014/08/how-to-get-telugu-books-if-you-are-out.html
http://www.avilpage.com/2014/01/jason-wishnow-quote-on-creativity.html,http://www.avilpage.com/posts/2014/01/jason-wishnow-quote-on-creativity.html
http://www.avilpage.com/2014/10/i-found-purse-near-dairy-circle.html,http://www.avilpage.com/posts/2014/10/i-found-purse-near-dairy-circle.html
http://www.avilpage.com/2015/02/bangalore-django-user-group-beginners.html,http://www.avilpage.com/posts/2015/02/bangalore-django-user-group-beginners.html
http://www.avilpage.com/2013/11/avil-page-watch-youtube-videos-without-buffering-slow-internet-connection.html,http://www.avilpage.com/posts/2013/11/avil-page-watch-youtube-videos-without-buffering-slow-internet-connection.html
http://www.avilpage.com/2014/11/pandoc-best-way-to-convert-markdown-to.html,http://www.avilpage.com/posts/2014/11/pandoc-best-way-to-convert-markdown-to.html
http://www.avilpage.com/2014/10/how-to-add-pypi-pinsbadges-to-github.html,http://www.avilpage.com/posts/2014/10/how-to-add-pypi-pinsbadges-to-github.html
http://www.avilpage.com/2016/02/auto-convert-upload-books-to-kindle.html,http://www.avilpage.com/posts/2016/02/auto-convert-upload-books-to-kindle.html
http://www.avilpage.com/2015/03/wd-my-cloud-nas-setup-on-ubuntu.html,http://www.avilpage.com/posts/2015/03/wd-my-cloud-nas-setup-on-ubuntu.html
"tag:blogger.com,1999:blog-2177063267337810492.post-8011185591947477908","http://www.avilpage.com/posts/blogger.com,1999:blog-2177063267337810492.post-8011185591947477908.html"
http://www.avilpage.com/2014/07/story-by-gudipati-venkatachalam.html,http://www.avilpage.com/posts/2014/07/story-by-gudipati-venkatachalam.html
http://www.avilpage.com/2014/11/chrome-clearly-makes-webpages-clean-and.html,http://www.avilpage.com/posts/2014/11/chrome-clearly-makes-webpages-clean-and.html
"tag:blogger.com,1999:blog-2177063267337810492.post-7227513617933278061","http://www.avilpage.com/posts/blogger.com,1999:blog-2177063267337810492.post-7227513617933278061.html"
http://www.avilpage.com/2014/12/get-mobile-notifications-in-desktop.html,http://www.avilpage.com/posts/2014/12/get-mobile-notifications-in-desktop.html
http://www.avilpage.com/2014/12/zen-story-it-will-pass.html,http://www.avilpage.com/posts/2014/12/zen-story-it-will-pass.html
http://www.avilpage.com/2014/06/t-minimal-to-do-list-for-geeks.html,http://www.avilpage.com/posts/2014/06/t-minimal-to-do-list-for-geeks.html
http://www.avilpage.com/2015/09/zen-stories-knowledge-or-wisdom.html,http://www.avilpage.com/posts/2015/09/zen-stories-knowledge-or-wisdom.html
"tag:blogger.com,1999:blog-2177063267337810492.post-5655584342587992783","http://www.avilpage.com/posts/blogger.com,1999:blog-2177063267337810492.post-5655584342587992783.html"
http://www.avilpage.com/2014/05/mana-chalam.html,http://www.avilpage.com/posts/2014/05/mana-chalam.html
http://www.avilpage.com/2014/11/zen-story-voice-of-happiness.html,http://www.avilpage.com/posts/2014/11/zen-story-voice-of-happiness.html
"tag:blogger.com,1999:blog-2177063267337810492.post-2261352623263394664","http://www.avilpage.com/posts/blogger.com,1999:blog-2177063267337810492.post-2261352623263394664.html"
http://www.avilpage.com/2014/01/avil-page-17-teach-yourself-programming.html,http://www.avilpage.com/posts/2014/01/avil-page-17-teach-yourself-programming.html
http://www.avilpage.com/2014/12/14-great-quotes-about-python.html,http://www.avilpage.com/posts/2014/12/14-great-quotes-about-python.html
http://www.avilpage.com/2014/01/avil-page-9-lets-talk.html,http://www.avilpage.com/posts/2014/01/avil-page-9-lets-talk.html
"tag:blogger.com,1999:blog-2177063267337810492.post-2691654528774494011","http://www.avilpage.com/posts/blogger.com,1999:blog-2177063267337810492.post-2691654528774494011.html"
http://www.avilpage.com/2016/03/django-tips-make-deleting-easy-in-admin.html,http://www.avilpage.com/posts/2016/03/django-tips-make-deleting-easy-in-admin.html
http://www.avilpage.com/2014/02/16-most-interesting-facts-about-patents.html,http://www.avilpage.com/posts/2014/02/16-most-interesting-facts-about-patents.html
http://www.avilpage.com/2014/05/split-merge-stitch-pdf-file-ubuntu.html,http://www.avilpage.com/posts/2014/05/split-merge-stitch-pdf-file-ubuntu.html
http://www.avilpage.com/2014/10/influence-of-chalam-on-telugu-literature.html,http://www.avilpage.com/posts/2014/10/influence-of-chalam-on-telugu-literature.html
http://www.avilpage.com/2014/05/stop-waiting-for-friday.html,http://www.avilpage.com/posts/2014/05/stop-waiting-for-friday.html
http://www.avilpage.com/2013/12/top-10-most-visited-telugu-websites.html,http://www.avilpage.com/posts/2013/12/top-10-most-visited-telugu-websites.html
http://www.avilpage.com/2015/03/a-slice-of-python-intelligence-behind.html,http://www.avilpage.com/posts/2015/03/a-slice-of-python-intelligence-behind.html
http://www.avilpage.com/2014/05/how-to-install-maven-on-ubuntu.html,http://www.avilpage.com/posts/2014/05/how-to-install-maven-on-ubuntu.html
http://www.avilpage.com/2014/11/byobu-terminal-multiplexer-never-felt.html,http://www.avilpage.com/posts/2014/11/byobu-terminal-multiplexer-never-felt.html
http://www.avilpage.com/2014/11/zen-story-in-dreamland.html,http://www.avilpage.com/posts/2014/11/zen-story-in-dreamland.html
http://www.avilpage.com/2013/12/how-good-is-salary-of-inr-12-lakh-pa.html,http://www.avilpage.com/posts/2013/12/how-good-is-salary-of-inr-12-lakh-pa.html
"tag:blogger.com,1999:blog-2177063267337810492.post-343118826172993029","http://www.avilpage.com/posts/blogger.com,1999:blog-2177063267337810492.post-343118826172993029.html"
http://www.avilpage.com/2014/05/ravana-dharshanam-story-by-gudipati.html,http://www.avilpage.com/posts/2014/05/ravana-dharshanam-story-by-gudipati.html
http://www.avilpage.com/2016/05/concurrent-downloads-bash-vs-python.html,http://www.avilpage.com/posts/2016/05/concurrent-downloads-bash-vs-python.html
http://www.avilpage.com/2015/07/django-tips-make-django-development.html,http://www.avilpage.com/posts/2015/07/django-tips-make-django-development.html
"tag:blogger.com,1999:blog-2177063267337810492.post-4434972343420623621","http://www.avilpage.com/posts/blogger.com,1999:blog-2177063267337810492.post-4434972343420623621.html"
http://www.avilpage.com/2014/11/zen-story-joshus-zen.html,http://www.avilpage.com/posts/2014/11/zen-story-joshus-zen.html
http://www.avilpage.com/2013/10/avil-page-2-using-webcam-in-ubuntu.html,http://www.avilpage.com/posts/2013/10/avil-page-2-using-webcam-in-ubuntu.html
http://www.avilpage.com/2014/05/definition-of-infatuation-from-100-love.html,http://www.avilpage.com/posts/2014/05/definition-of-infatuation-from-100-love.html
http://www.avilpage.com/2014/01/avil-page-11-i-dont-have-time.html,http://www.avilpage.com/posts/2014/01/avil-page-11-i-dont-have-time.html
http://www.avilpage.com/2015/06/git-etiquette-meaningful-messages.html,http://www.avilpage.com/posts/2015/06/git-etiquette-meaningful-messages.html
"tag:blogger.com,1999:blog-2177063267337810492.post-1447327516085780063","http://www.avilpage.com/posts/blogger.com,1999:blog-2177063267337810492.post-1447327516085780063.html"
http://www.avilpage.com/2014/12/python-paradox.html,http://www.avilpage.com/posts/2014/12/python-paradox.html
"tag:blogger.com,1999:blog-2177063267337810492.post-8235411838311846224","http://www.avilpage.com/posts/blogger.com,1999:blog-2177063267337810492.post-8235411838311846224.html"
"tag:blogger.com,1999:blog-2177063267337810492.post-5125253640517524784","http://www.avilpage.com/posts/blogger.com,1999:blog-2177063267337810492.post-5125253640517524784.html"
http://www.avilpage.com/2014/11/how-to-get-job-in-start-up-in-india.html,http://www.avilpage.com/posts/2014/11/how-to-get-job-in-start-up-in-india.html
"tag:blogger.com,1999:blog-2177063267337810492.post-8139055426440592953","http://www.avilpage.com/posts/blogger.com,1999:blog-2177063267337810492.post-8139055426440592953.html"
http://www.avilpage.com/2014/01/avil-page-27-understanding-luxury-goods.html,http://www.avilpage.com/posts/2014/01/avil-page-27-understanding-luxury-goods.html
http://www.avilpage.com/2014/10/gods-enemy.html,http://www.avilpage.com/posts/2014/10/gods-enemy.html
http://www.avilpage.com/2015/05/automatically-pep8-your-python-code.html,http://www.avilpage.com/posts/2015/05/automatically-pep8-your-python-code.html
"tag:blogger.com,1999:blog-2177063267337810492.post-1800231972148731456","http://www.avilpage.com/posts/blogger.com,1999:blog-2177063267337810492.post-1800231972148731456.html"
"tag:blogger.com,1999:blog-2177063267337810492.post-5089104216228396306","http://www.avilpage.com/posts/blogger.com,1999:blog-2177063267337810492.post-5089104216228396306.html"
http://www.avilpage.com/2014/11/zen-story-silent-temple.html,http://www.avilpage.com/posts/2014/11/zen-story-silent-temple.html
http://www.avilpage.com/2014/04/useful-custom-key-maps-for-vimium-to.html,http://www.avilpage.com/posts/2014/04/useful-custom-key-maps-for-vimium-to.html
http://www.avilpage.com/2014/09/a-few-chrome-extensions-for-efficient.html,http://www.avilpage.com/posts/2014/09/a-few-chrome-extensions-for-efficient.html
http://www.avilpage.com/2014/08/fixing-colors-issues-in-vlc-media.html,http://www.avilpage.com/posts/2014/08/fixing-colors-issues-in-vlc-media.html
http://www.avilpage.com/2014/12/zen-story-not-far-from-buddhahood.html,http://www.avilpage.com/posts/2014/12/zen-story-not-far-from-buddhahood.html
http://www.avilpage.com/2014/11/zen-story-accurate-proportion.html,http://www.avilpage.com/posts/2014/11/zen-story-accurate-proportion.html
http://www.avilpage.com/2014/12/bangpypers-dev-sprint.html,http://www.avilpage.com/posts/2014/12/bangpypers-dev-sprint.html
http://www.avilpage.com/2014/11/zen-story-announcement.html,http://www.avilpage.com/posts/2014/11/zen-story-announcement.html
http://www.avilpage.com/2014/11/zen-story-walking.html,http://www.avilpage.com/posts/2014/11/zen-story-walking.html
"tag:blogger.com,1999:blog-2177063267337810492.post-2957125697428032751","http://www.avilpage.com/posts/blogger.com,1999:blog-2177063267337810492.post-2957125697428032751.html"
http://www.avilpage.com/2014/04/why-how-to-update-from-php-53x-to-55x.html,http://www.avilpage.com/posts/2014/04/why-how-to-update-from-php-53x-to-55x.html
http://www.avilpage.com/2014/11/zen-stories-real-miracle.html,http://www.avilpage.com/posts/2014/11/zen-stories-real-miracle.html
http://www.avilpage.com/2014/11/chalam-stories.html,http://www.avilpage.com/posts/2014/11/chalam-stories.html
http://www.avilpage.com/2014/01/how-to-easily-screencast-android-device-without-root.html,http://www.avilpage.com/posts/2014/01/how-to-easily-screencast-android-device-without-root.html
http://www.avilpage.com/2014/11/zen-story-no-work-no-food.html,http://www.avilpage.com/posts/2014/11/zen-story-no-work-no-food.html
http://www.avilpage.com/2014/01/avil-page-rubiks-cube-art-mosaic.html,http://www.avilpage.com/posts/2014/01/avil-page-rubiks-cube-art-mosaic.html
http://www.avilpage.com/2014/09/using-sourcegraph-to-search-real-code.html,http://www.avilpage.com/posts/2014/09/using-sourcegraph-to-search-real-code.html
http://www.avilpage.com/2015/07/zen-story-other-side.html,http://www.avilpage.com/posts/2015/07/zen-story-other-side.html
http://www.avilpage.com/2014/01/avil-page-15-101-great-honesty.html,http://www.avilpage.com/posts/2014/01/avil-page-15-101-great-honesty.html
